Workbook

Sheet Summary
A1: Region | B1: Cutting | C1: Prep | D1: Total
A2: North | B2: =SUMIFS(Clean!$G$2:$G$13,Clean!$C$2:$C$13,$A2,Clean!$E$2:$E$13,"Cutting",Clean!$H$2:$H$13,"") | C2: =SUMIFS(Clean!$G$2:$G$13,Clean!$C$2:$C$13,$A2,Clean!$E$2:$E$13,"Prep",Clean!$H$2:$H$13,"") | D2: =SUM(B2:C2)
A3: South | B3: =SUMIFS(Clean!$G$2:$G$13,Clean!$C$2:$C$13,$A3,Clean!$E$2:$E$13,"Cutting",Clean!$H$2:$H$13,"") | C3: =SUMIFS(Clean!$G$2:$G$13,Clean!$C$2:$C$13,$A3,Clean!$E$2:$E$13,"Prep",Clean!$H$2:$H$13,"") | D3: =SUM(B3:C3)
A4: East | B4: =SUMIFS(Clean!$G$2:$G$13,Clean!$C$2:$C$13,$A4,Clean!$E$2:$E$13,"Cutting",Clean!$H$2:$H$13,"") | C4: =SUMIFS(Clean!$G$2:$G$13,Clean!$C$2:$C$13,$A4,Clean!$E$2:$E$13,"Prep",Clean!$H$2:$H$13,"") | D4: =SUM(B4:C4)
A5: West | B5: =SUMIFS(Clean!$G$2:$G$13,Clean!$C$2:$C$13,$A5,Clean!$E$2:$E$13,"Cutting",Clean!$H$2:$H$13,"") | C5: =SUMIFS(Clean!$G$2:$G$13,Clean!$C$2:$C$13,$A5,Clean!$E$2:$E$13,"Prep",Clean!$H$2:$H$13,"") | D5: =SUM(B5:C5)
A6: Total | B6: =SUM(B2:B5) | C6: =SUM(C2:C5) | D6: =SUM(D2:D5)
A8: Rows in export | B8: =COUNTA(Raw!A2:A13)
A9: Duplicate rows excluded | B9: =COUNTIF(Clean!H2:H13,"DUPLICATE")
A10: Unmapped rows excluded | B10: =COUNTIFS(Clean!E2:E13,"UNMAPPED",Clean!H2:H13,"")
A11: Duplicate amount | B11: =SUMIFS(Clean!G2:G13,Clean!H2:H13,"DUPLICATE")
A12: Unmapped amount | B12: =SUMIFS(Clean!G2:G13,Clean!E2:E13,"UNMAPPED",Clean!H2:H13,"")
A13: Reconciliation | B13: =IF(ABS(SUMPRODUCT(Raw!E2:E13,Raw!F2:F13)-D6-B11-B12)<0.005,"OK","CHECK")

Sheet Raw
A1: Date | B1: Customer | C1: Region | D1: Product | E1: Qty | F1: Unit price
A2: 46266 | B2: acme hardware | C2: North | D2: Slicer Pro | E2: 12 | F2: 14.5
A3: 46266 | B3: Blue Oak Kitchen | C3: South | D3: Peeler | E3: 30 | F3: 3.25
A4: 46268 | B4: ACME HARDWARE | C4: North | D4: Peeler | E4: 20 | F4: 3.25
A5: 46269 | B5: corner cook shop | C5: West | D5: Slicer Pro | E5: 6 | F5: 14.5
A6: 46269 | B6: corner cook shop | C6: West | D6: Slicer Pro | E6: 6 | F6: 14.5
A7: 46273 | B7: Blue Oak kitchen | C7: South | D7: Grater Mini | E7: 18 | F7: 5.75
A8: 46274 | B8: Harbor Home | C8: East | D8: Slicer Pro | E8: 10 | F8: 14.5
A9: 46277 | B9: harbor home | C9: East | D9: Herb Scissors | E9: 15 | F9: 7
A10: 46280 | B10: Acme Hardware | C10: North | D10: Grater Mini | E10: 24 | F10: 5.75
A11: 46283 | B11: Pine & Co | C11: West | D11: Peeler | E11: 40 | F11: 3.25
A12: 46287 | B12: pine & co | C12: West | D12: Slicer Pro | E12: 8 | F12: 14.5
A13: 46290 | B13: Corner Cook Shop | C13: West | D13: Grater Mini | E13: 12 | F13: 5.75

Sheet Lookup
A1: Product | B1: Category
A2: Slicer Pro | B2: Cutting
A3: Peeler | B3: Prep
A4: Grater Mini | B4: Prep

Sheet Clean
A1: Date | B1: Customer | C1: Region | D1: Product | E1: Category | F1: Qty | G1: Amount | H1: Duplicate | I1: Issue
A2: =Raw!A2 | B2: =PROPER(TRIM(Raw!B2)) | C2: =Raw!C2 | D2: =Raw!D2 | E2: =IFERROR(INDEX(Lookup!$B$2:$B$4,MATCH(D2,Lookup!$A$2:$A$4,0)),"UNMAPPED") | F2: =Raw!E2 | G2: =Raw!E2*Raw!F2 | H2: =IF(COUNTIFS($A$2:A2,A2,$B$2:B2,B2,$D$2:D2,D2,$F$2:F2,F2)>1,"DUPLICATE","") | I2: =IF(H2<>"","duplicate row",IF(E2="UNMAPPED","product not in Lookup",""))
A3: =Raw!A3 | B3: =PROPER(TRIM(Raw!B3)) | C3: =Raw!C3 | D3: =Raw!D3 | E3: =IFERROR(INDEX(Lookup!$B$2:$B$4,MATCH(D3,Lookup!$A$2:$A$4,0)),"UNMAPPED") | F3: =Raw!E3 | G3: =Raw!E3*Raw!F3 | H3: =IF(COUNTIFS($A$2:A3,A3,$B$2:B3,B3,$D$2:D3,D3,$F$2:F3,F3)>1,"DUPLICATE","") | I3: =IF(H3<>"","duplicate row",IF(E3="UNMAPPED","product not in Lookup",""))
A4: =Raw!A4 | B4: =PROPER(TRIM(Raw!B4)) | C4: =Raw!C4 | D4: =Raw!D4 | E4: =IFERROR(INDEX(Lookup!$B$2:$B$4,MATCH(D4,Lookup!$A$2:$A$4,0)),"UNMAPPED") | F4: =Raw!E4 | G4: =Raw!E4*Raw!F4 | H4: =IF(COUNTIFS($A$2:A4,A4,$B$2:B4,B4,$D$2:D4,D4,$F$2:F4,F4)>1,"DUPLICATE","") | I4: =IF(H4<>"","duplicate row",IF(E4="UNMAPPED","product not in Lookup",""))
A5: =Raw!A5 | B5: =PROPER(TRIM(Raw!B5)) | C5: =Raw!C5 | D5: =Raw!D5 | E5: =IFERROR(INDEX(Lookup!$B$2:$B$4,MATCH(D5,Lookup!$A$2:$A$4,0)),"UNMAPPED") | F5: =Raw!E5 | G5: =Raw!E5*Raw!F5 | H5: =IF(COUNTIFS($A$2:A5,A5,$B$2:B5,B5,$D$2:D5,D5,$F$2:F5,F5)>1,"DUPLICATE","") | I5: =IF(H5<>"","duplicate row",IF(E5="UNMAPPED","product not in Lookup",""))
A6: =Raw!A6 | B6: =PROPER(TRIM(Raw!B6)) | C6: =Raw!C6 | D6: =Raw!D6 | E6: =IFERROR(INDEX(Lookup!$B$2:$B$4,MATCH(D6,Lookup!$A$2:$A$4,0)),"UNMAPPED") | F6: =Raw!E6 | G6: =Raw!E6*Raw!F6 | H6: =IF(COUNTIFS($A$2:A6,A6,$B$2:B6,B6,$D$2:D6,D6,$F$2:F6,F6)>1,"DUPLICATE","") | I6: =IF(H6<>"","duplicate row",IF(E6="UNMAPPED","product not in Lookup",""))
A7: =Raw!A7 | B7: =PROPER(TRIM(Raw!B7)) | C7: =Raw!C7 | D7: =Raw!D7 | E7: =IFERROR(INDEX(Lookup!$B$2:$B$4,MATCH(D7,Lookup!$A$2:$A$4,0)),"UNMAPPED") | F7: =Raw!E7 | G7: =Raw!E7*Raw!F7 | H7: =IF(COUNTIFS($A$2:A7,A7,$B$2:B7,B7,$D$2:D7,D7,$F$2:F7,F7)>1,"DUPLICATE","") | I7: =IF(H7<>"","duplicate row",IF(E7="UNMAPPED","product not in Lookup",""))
A8: =Raw!A8 | B8: =PROPER(TRIM(Raw!B8)) | C8: =Raw!C8 | D8: =Raw!D8 | E8: =IFERROR(INDEX(Lookup!$B$2:$B$4,MATCH(D8,Lookup!$A$2:$A$4,0)),"UNMAPPED") | F8: =Raw!E8 | G8: =Raw!E8*Raw!F8 | H8: =IF(COUNTIFS($A$2:A8,A8,$B$2:B8,B8,$D$2:D8,D8,$F$2:F8,F8)>1,"DUPLICATE","") | I8: =IF(H8<>"","duplicate row",IF(E8="UNMAPPED","product not in Lookup",""))
A9: =Raw!A9 | B9: =PROPER(TRIM(Raw!B9)) | C9: =Raw!C9 | D9: =Raw!D9 | E9: =IFERROR(INDEX(Lookup!$B$2:$B$4,MATCH(D9,Lookup!$A$2:$A$4,0)),"UNMAPPED") | F9: =Raw!E9 | G9: =Raw!E9*Raw!F9 | H9: =IF(COUNTIFS($A$2:A9,A9,$B$2:B9,B9,$D$2:D9,D9,$F$2:F9,F9)>1,"DUPLICATE","") | I9: =IF(H9<>"","duplicate row",IF(E9="UNMAPPED","product not in Lookup",""))
A10: =Raw!A10 | B10: =PROPER(TRIM(Raw!B10)) | C10: =Raw!C10 | D10: =Raw!D10 | E10: =IFERROR(INDEX(Lookup!$B$2:$B$4,MATCH(D10,Lookup!$A$2:$A$4,0)),"UNMAPPED") | F10: =Raw!E10 | G10: =Raw!E10*Raw!F10 | H10: =IF(COUNTIFS($A$2:A10,A10,$B$2:B10,B10,$D$2:D10,D10,$F$2:F10,F10)>1,"DUPLICATE","") | I10: =IF(H10<>"","duplicate row",IF(E10="UNMAPPED","product not in Lookup",""))
A11: =Raw!A11 | B11: =PROPER(TRIM(Raw!B11)) | C11: =Raw!C11 | D11: =Raw!D11 | E11: =IFERROR(INDEX(Lookup!$B$2:$B$4,MATCH(D11,Lookup!$A$2:$A$4,0)),"UNMAPPED") | F11: =Raw!E11 | G11: =Raw!E11*Raw!F11 | H11: =IF(COUNTIFS($A$2:A11,A11,$B$2:B11,B11,$D$2:D11,D11,$F$2:F11,F11)>1,"DUPLICATE","") | I11: =IF(H11<>"","duplicate row",IF(E11="UNMAPPED","product not in Lookup",""))
A12: =Raw!A12 | B12: =PROPER(TRIM(Raw!B12)) | C12: =Raw!C12 | D12: =Raw!D12 | E12: =IFERROR(INDEX(Lookup!$B$2:$B$4,MATCH(D12,Lookup!$A$2:$A$4,0)),"UNMAPPED") | F12: =Raw!E12 | G12: =Raw!E12*Raw!F12 | H12: =IF(COUNTIFS($A$2:A12,A12,$B$2:B12,B12,$D$2:D12,D12,$F$2:F12,F12)>1,"DUPLICATE","") | I12: =IF(H12<>"","duplicate row",IF(E12="UNMAPPED","product not in Lookup",""))
A13: =Raw!A13 | B13: =PROPER(TRIM(Raw!B13)) | C13: =Raw!C13 | D13: =Raw!D13 | E13: =IFERROR(INDEX(Lookup!$B$2:$B$4,MATCH(D13,Lookup!$A$2:$A$4,0)),"UNMAPPED") | F13: =Raw!E13 | G13: =Raw!E13*Raw!F13 | H13: =IF(COUNTIFS($A$2:A13,A13,$B$2:B13,B13,$D$2:D13,D13,$F$2:F13,F13)>1,"DUPLICATE","") | I13: =IF(H13<>"","duplicate row",IF(E13="UNMAPPED","product not in Lookup",""))
